lat_lo,lat_hi,lat_mid,area_km2,n_stacks,emissions_t,one_axis_s_R5,two_axis_s_R5
-90.0,-88.0,-89.0,0.0000,0.0000,0.0000,0.000,0.000
-88.0,-86.0,-87.0,0.0000,0.0000,0.0000,0.000,0.000
-86.0,-84.0,-85.0,0.0000,0.0000,0.0000,0.000,0.000
-84.0,-82.0,-83.0,0.0000,0.0000,0.0000,0.000,0.000
-82.0,-80.0,-81.0,0.0000,0.0000,0.0000,0.000,0.000
-80.0,-78.0,-79.0,0.0000,0.0000,0.0000,0.000,0.000
-78.0,-76.0,-77.0,0.0000,0.0000,0.0000,0.000,0.000
-76.0,-74.0,-75.0,0.0000,0.0000,0.0000,0.000,0.000
-74.0,-72.0,-73.0,0.0000,0.0000,0.0000,0.000,0.000
-72.0,-70.0,-71.0,0.0000,0.0000,0.0000,0.000,0.000
-70.0,-68.0,-69.0,0.0000,0.0000,0.0000,0.000,0.000
-68.0,-66.0,-67.0,0.0000,0.0000,0.0000,0.000,0.000
-66.0,-64.0,-65.0,0.0000,0.0000,0.0000,0.000,0.000
-64.0,-62.0,-63.0,0.0000,0.0000,0.0000,0.000,0.000
-62.0,-60.0,-61.0,0.0000,0.0000,0.0000,0.000,0.000
-60.0,-58.0,-59.0,0.0000,0.0000,0.0000,0.000,0.000
-58.0,-56.0,-57.0,0.0000,0.0000,0.0000,0.000,0.000
-56.0,-54.0,-55.0,0.0000,0.0000,0.0000,0.000,0.000
-54.0,-52.0,-53.0,1.5080,3.0000,963988.6354,0.000,0.000
-52.0,-50.0,-51.0,0.0000,0.0000,0.0000,123.584,123.584
-50.0,-48.0,-49.0,0.0000,0.0000,0.0000,123.300,123.300
-48.0,-46.0,-47.0,1.5080,3.0000,720105.5923,123.050,123.050
-46.0,-44.0,-45.0,51.5325,6.0000,1116672.9000,122.800,122.800
-44.0,-42.0,-43.0,2.4517,5.0000,1620250.5095,97.250,122.550
-42.0,-40.0,-41.0,12.1258,5.0000,1405239.6353,61.750,122.250
-40.0,-38.0,-39.0,88.6443,45.0000,46598189.4814,47.400,122.000
-38.0,-36.0,-37.0,796.9892,51.0000,12613314.0084,40.450,121.750
-36.0,-34.0,-35.0,698.4657,74.0000,31059608.1523,36.000,121.500
-34.0,-32.0,-33.0,869.0420,108.0000,101861063.8484,32.850,121.300
-32.0,-30.0,-31.0,308.6061,43.0000,13353473.9817,30.450,121.050
-30.0,-28.0,-29.0,237.1098,45.0000,15535638.9658,28.600,120.800
-28.0,-26.0,-27.0,169.2957,81.0000,164288023.4675,27.100,120.600
-26.0,-24.0,-25.0,268.2056,55.0000,69931272.9997,25.850,120.400
-24.0,-22.0,-23.0,2143.8286,171.0000,128740258.7491,24.800,120.200
-22.0,-20.0,-21.0,1521.3732,183.0000,43229048.3275,23.900,120.050
-20.0,-18.0,-19.0,208.2351,93.0000,25823950.6821,23.150,119.900
-18.0,-16.0,-17.0,128.1606,58.0000,10075812.5343,22.550,119.750
-16.0,-14.0,-15.0,60.5148,27.0000,3993872.3759,22.050,119.600
-14.0,-12.0,-13.0,637.8266,59.0000,20467149.6079,21.600,119.450
-12.0,-10.0,-11.0,85.8987,23.0000,7045807.0566,21.250,119.350
-10.0,-8.0,-9.0,536.0338,56.0000,16475880.1498,20.950,119.250
-8.0,-6.0,-7.0,935.8806,103.0000,157752766.6282,20.700,119.200
-6.0,-4.0,-5.0,587.4463,75.0000,65913288.4615,20.550,119.150
-4.0,-2.0,-3.0,995.6637,111.0000,111155859.1781,20.450,119.100
-2.0,0.0,-1.0,419.6451,60.0000,39628187.8233,20.400,119.100
0.0,2.0,1.0,791.1212,98.0000,107127458.1064,20.400,119.100
2.0,4.0,3.0,1077.8361,70.0000,65278944.4452,20.450,119.100
4.0,6.0,5.0,1544.5502,143.0000,104194616.9007,20.550,119.150
6.0,8.0,7.0,584.7919,87.0000,55190135.9194,20.700,119.200
8.0,10.0,9.0,367.3539,122.0000,92781029.1554,20.950,119.250
10.0,12.0,11.0,2041.0546,196.0000,157903947.2485,21.250,119.350
12.0,14.0,13.0,3132.4056,216.0000,169659941.2962,21.600,119.450
14.0,16.0,15.0,3236.8697,248.0000,215108985.0910,22.050,119.600
16.0,18.0,17.0,2898.0305,246.0000,231529865.7767,22.550,119.750
18.0,20.0,19.0,2456.1393,269.0000,280912102.4455,23.150,119.900
20.0,22.0,21.0,5771.7446,430.0000,859830526.8945,23.900,120.050
22.0,24.0,23.0,14059.5453,798.0000,1159647330.7057,24.800,120.200
24.0,26.0,25.0,11357.5935,782.0000,1290563014.0890,25.850,120.400
26.0,28.0,27.0,9861.5081,663.0000,865792722.7100,27.100,120.600
28.0,30.0,29.0,13273.2197,965.0000,1098878399.8776,28.600,120.800
30.0,32.0,31.0,21899.1133,1247.0000,1479958844.4277,30.450,121.050
32.0,34.0,33.0,16509.1241,1170.0000,1106901377.6262,32.850,121.300
34.0,36.0,35.0,27637.4903,1627.0000,1785364347.4239,36.000,121.500
36.0,38.0,37.0,26724.4740,1618.0000,1922924551.9059,40.450,121.750
38.0,40.0,39.0,23979.5012,1485.0000,1828018085.5234,47.400,122.000
40.0,42.0,41.0,23908.6280,1530.0000,1284467976.8668,61.750,122.250
42.0,44.0,43.0,11140.3447,898.0000,594115744.7960,97.250,122.550
44.0,46.0,45.0,7949.9098,786.0000,753693694.6834,122.800,122.800
46.0,48.0,47.0,2950.6212,462.0000,281475952.4589,123.050,123.050
48.0,50.0,49.0,4698.2580,490.0000,245010516.7848,123.300,123.300
50.0,52.0,51.0,11309.4349,689.0000,508324318.4138,123.584,123.584
52.0,54.0,53.0,6290.9978,513.0000,367767808.6800,0.000,0.000
54.0,56.0,55.0,2772.1936,260.0000,250245370.4107,0.000,0.000
56.0,58.0,57.0,1490.9326,174.0000,173301187.7802,0.000,0.000
58.0,60.0,59.0,1064.5435,127.0000,94715268.7461,0.000,0.000
60.0,62.0,61.0,1131.7420,128.0000,60156906.2336,0.000,0.000
62.0,64.0,63.0,300.1719,63.0000,14464163.4714,0.000,0.000
64.0,66.0,65.0,444.6174,44.0000,22083842.0254,0.000,0.000
66.0,68.0,67.0,14.1798,18.0000,5684665.4274,0.000,0.000
68.0,70.0,69.0,8.2336,8.0000,7316732.6858,0.000,0.000
70.0,72.0,71.0,5.8866,6.0000,1266574.8163,0.000,0.000
72.0,74.0,73.0,0.0000,0.0000,0.0000,0.000,0.000
74.0,76.0,75.0,0.0000,0.0000,0.0000,0.000,0.000
76.0,78.0,77.0,0.0000,0.0000,0.0000,0.000,0.000
78.0,80.0,79.0,0.0000,0.0000,0.0000,0.000,0.000
80.0,82.0,81.0,0.0000,0.0000,0.0000,0.000,0.000
82.0,84.0,83.0,0.0000,0.0000,0.0000,0.000,0.000
84.0,86.0,85.0,0.0000,0.0000,0.0000,0.000,0.000
86.0,88.0,87.0,0.0000,0.0000,0.0000,0.000,0.000
88.0,90.0,89.0,0.0000,0.0000,0.0000,0.000,0.000
