lat_deg,radius_km,one_axis_s,two_axis_s,lost_s
0.0000,0.500,36.500,119.100,82.600
0.0000,1.000,34.600,119.100,84.500
0.0000,2.000,30.900,119.100,88.200
0.0000,3.000,27.300,119.100,91.800
0.0000,4.000,23.800,119.100,95.300
0.0000,5.000,20.400,119.100,98.700
0.0000,6.000,17.100,119.100,102.000
0.0000,8.000,10.800,119.100,108.300
0.0000,10.000,4.900,119.100,114.200
0.0000,12.000,0.000,119.100,119.100
0.0000,15.000,0.000,119.100,119.100
2.0000,0.500,36.600,119.100,82.500
2.0000,1.000,34.700,119.100,84.400
2.0000,2.000,30.900,119.100,88.200
2.0000,3.000,27.300,119.100,91.800
2.0000,4.000,23.800,119.100,95.300
2.0000,5.000,20.400,119.100,98.700
2.0000,6.000,17.100,119.100,102.000
2.0000,8.000,10.900,119.100,108.200
2.0000,10.000,4.900,119.100,114.200
2.0000,12.000,0.000,119.100,119.100
2.0000,15.000,0.000,119.100,119.100
4.0000,0.500,36.700,119.100,82.400
4.0000,1.000,34.800,119.100,84.300
4.0000,2.000,31.100,119.100,88.000
4.0000,3.000,27.400,119.100,91.700
4.0000,4.000,23.900,119.100,95.200
4.0000,5.000,20.500,119.100,98.600
4.0000,6.000,17.200,119.100,101.900
4.0000,8.000,10.900,119.100,108.200
4.0000,10.000,5.000,119.100,114.100
4.0000,12.000,0.000,119.100,119.100
4.0000,15.000,0.000,119.100,119.100
6.0000,0.500,37.000,119.200,82.200
6.0000,1.000,35.100,119.200,84.100
6.0000,2.000,31.300,119.200,87.900
6.0000,3.000,27.600,119.200,91.600
6.0000,4.000,24.100,119.200,95.100
6.0000,5.000,20.600,119.200,98.600
6.0000,6.000,17.300,119.200,101.900
6.0000,8.000,11.000,119.200,108.200
6.0000,10.000,5.000,119.200,114.200
6.0000,12.000,0.000,119.200,119.200
6.0000,15.000,0.000,119.200,119.200
8.0000,0.500,37.400,119.200,81.800
8.0000,1.000,35.400,119.200,83.800
8.0000,2.000,31.600,119.200,87.600
8.0000,3.000,27.900,119.200,91.300
8.0000,4.000,24.300,119.200,94.900
8.0000,5.000,20.800,119.200,98.400
8.0000,6.000,17.500,119.200,101.700
8.0000,8.000,11.100,119.200,108.100
8.0000,10.000,5.000,119.200,114.200
8.0000,12.000,0.000,119.200,119.200
8.0000,15.000,0.000,119.200,119.200
10.0000,0.500,37.900,119.300,81.400
10.0000,1.000,35.900,119.300,83.400
10.0000,2.000,32.000,119.300,87.300
10.0000,3.000,28.300,119.300,91.000
10.0000,4.000,24.600,119.300,94.700
10.0000,5.000,21.100,119.300,98.200
10.0000,6.000,17.700,119.300,101.600
10.0000,8.000,11.200,119.300,108.100
10.0000,10.000,5.100,119.300,114.200
10.0000,12.000,0.000,119.300,119.300
10.0000,15.000,0.000,119.300,119.300
12.0000,0.500,38.600,119.400,80.800
12.0000,1.000,36.500,119.400,82.900
12.0000,2.000,32.500,119.400,86.900
12.0000,3.000,28.700,119.400,90.700
12.0000,4.000,25.000,119.400,94.400
12.0000,5.000,21.400,119.400,98.000
12.0000,6.000,17.900,119.400,101.500
12.0000,8.000,11.400,119.400,108.000
12.0000,10.000,5.200,119.400,114.200
12.0000,12.000,0.000,119.400,119.400
12.0000,15.000,0.000,119.400,119.400
14.0000,0.500,39.400,119.500,80.100
14.0000,1.000,37.300,119.500,82.200
14.0000,2.000,33.200,119.500,86.300
14.0000,3.000,29.300,119.500,90.200
14.0000,4.000,25.500,119.500,94.000
14.0000,5.000,21.800,119.500,97.700
14.0000,6.000,18.300,119.500,101.200
14.0000,8.000,11.600,119.500,107.900
14.0000,10.000,5.300,119.500,114.200
14.0000,12.000,0.000,119.500,119.500
14.0000,15.000,0.000,119.500,119.500
16.0000,0.500,40.300,119.700,79.400
16.0000,1.000,38.200,119.700,81.500
16.0000,2.000,34.000,119.700,85.700
16.0000,3.000,29.900,119.700,89.800
16.0000,4.000,26.000,119.700,93.700
16.0000,5.000,22.300,119.700,97.400
16.0000,6.000,18.700,119.700,101.000
16.0000,8.000,11.800,119.700,107.900
16.0000,10.000,5.400,119.700,114.300
16.0000,12.000,0.000,119.700,119.700
16.0000,15.000,0.000,119.700,119.700
18.0000,0.500,41.500,119.800,78.300
18.0000,1.000,39.300,119.800,80.500
18.0000,2.000,34.900,119.800,84.900
18.0000,3.000,30.700,119.800,89.100
18.0000,4.000,26.700,119.800,93.100
18.0000,5.000,22.800,119.800,97.000
18.0000,6.000,19.100,119.800,100.700
18.0000,8.000,12.100,119.800,107.700
18.0000,10.000,5.600,119.800,114.200
18.0000,12.000,0.000,119.800,119.800
18.0000,15.000,0.000,119.800,119.800
20.0000,0.500,42.900,120.000,77.100
20.0000,1.000,40.600,120.000,79.400
20.0000,2.000,36.100,120.000,83.900
20.0000,3.000,31.700,120.000,88.300
20.0000,4.000,27.500,120.000,92.500
20.0000,5.000,23.500,120.000,96.500
20.0000,6.000,19.700,120.000,100.300
20.0000,8.000,12.400,120.000,107.600
20.0000,10.000,5.700,120.000,114.300
20.0000,12.000,0.000,120.000,120.000
20.0000,15.000,0.000,120.000,120.000
22.0000,0.500,44.600,120.100,75.500
22.0000,1.000,42.200,120.100,77.900
22.0000,2.000,37.400,120.100,82.700
22.0000,3.000,32.800,120.100,87.300
22.0000,4.000,28.500,120.100,91.600
22.0000,5.000,24.300,120.100,95.800
22.0000,6.000,20.300,120.100,99.800
22.0000,8.000,12.800,120.100,107.300
22.0000,10.000,5.900,120.100,114.200
22.0000,12.000,0.000,120.100,120.100
22.0000,15.000,0.000,120.100,120.100
24.0000,0.500,46.700,120.300,73.600
24.0000,1.000,44.100,120.300,76.200
24.0000,2.000,39.000,120.300,81.300
24.0000,3.000,34.200,120.300,86.100
24.0000,4.000,29.600,120.300,90.700
24.0000,5.000,25.300,120.300,95.000
24.0000,6.000,21.100,120.300,99.200
24.0000,8.000,13.300,120.300,107.000
24.0000,10.000,6.100,120.300,114.200
24.0000,12.000,0.000,120.300,120.300
24.0000,15.000,0.000,120.300,120.300
26.0000,0.500,49.200,120.500,71.300
26.0000,1.000,46.400,120.500,74.100
26.0000,2.000,41.000,120.500,79.500
26.0000,3.000,35.900,120.500,84.600
26.0000,4.000,31.000,120.500,89.500
26.0000,5.000,26.400,120.500,94.100
26.0000,6.000,22.000,120.500,98.500
26.0000,8.000,13.800,120.500,106.700
26.0000,10.000,6.400,120.500,114.100
26.0000,12.000,0.000,120.500,120.500
26.0000,15.000,0.000,120.500,120.500
28.0000,0.500,52.400,120.700,68.300
28.0000,1.000,49.400,120.700,71.300
28.0000,2.000,43.500,120.700,77.200
28.0000,3.000,37.900,120.700,82.800
28.0000,4.000,32.700,120.700,88.000
28.0000,5.000,27.800,120.700,92.900
28.0000,6.000,23.100,120.700,97.600
28.0000,8.000,14.500,120.700,106.200
28.0000,10.000,6.700,120.700,114.000
28.0000,12.000,0.000,120.700,120.700
28.0000,15.000,0.000,120.700,120.700
30.0000,0.500,56.500,120.900,64.400
30.0000,1.000,53.100,120.900,67.800
30.0000,2.000,46.600,120.900,74.300
30.0000,3.000,40.500,120.900,80.400
30.0000,4.000,34.800,120.900,86.100
30.0000,5.000,29.400,120.900,91.500
30.0000,6.000,24.400,120.900,96.500
30.0000,8.000,15.300,120.900,105.600
30.0000,10.000,7.100,120.900,113.800
30.0000,12.000,0.000,120.900,120.900
30.0000,15.000,0.000,120.900,120.900
32.0000,0.500,61.900,121.200,59.300
32.0000,1.000,58.000,121.200,63.200
32.0000,2.000,50.600,121.200,70.600
32.0000,3.000,43.800,121.200,77.400
32.0000,4.000,37.400,121.200,83.800
32.0000,5.000,31.500,121.200,89.700
32.0000,6.000,26.000,121.200,95.200
32.0000,8.000,16.200,121.200,105.000
32.0000,10.000,7.500,121.200,113.700
32.0000,12.000,0.000,121.200,121.200
32.0000,15.000,0.000,121.200,121.200
34.0000,0.500,69.400,121.400,52.000
34.0000,1.000,64.800,121.400,56.600
34.0000,2.000,56.100,121.400,65.300
34.0000,3.000,48.100,121.400,73.300
34.0000,4.000,40.800,121.400,80.600
34.0000,5.000,34.200,121.400,87.200
34.0000,6.000,28.100,121.400,93.300
34.0000,8.000,17.300,121.400,104.100
34.0000,10.000,8.000,121.400,113.400
34.0000,12.000,0.000,121.400,121.400
34.0000,15.000,0.000,121.400,121.400
36.0000,0.500,81.000,121.600,40.600
36.0000,1.000,75.100,121.600,46.500
36.0000,2.000,64.100,121.600,57.500
36.0000,3.000,54.300,121.600,67.300
36.0000,4.000,45.600,121.600,76.000
36.0000,5.000,37.800,121.600,83.800
36.0000,6.000,30.800,121.600,90.800
36.0000,8.000,18.800,121.600,102.800
36.0000,10.000,8.600,121.600,113.000
36.0000,12.000,0.000,121.600,121.600
36.0000,15.000,0.000,121.600,121.600
38.0000,0.500,101.800,121.900,20.100
38.0000,1.000,93.100,121.900,28.800
38.0000,2.000,77.600,121.900,44.300
38.0000,3.000,64.200,121.900,57.700
38.0000,4.000,52.800,121.900,69.100
38.0000,5.000,43.100,121.900,78.800
38.0000,6.000,34.600,121.900,87.300
38.0000,8.000,20.600,121.900,101.300
38.0000,10.000,9.400,121.900,112.500
38.0000,12.000,0.000,121.900,121.900
38.0000,15.000,0.000,121.900,121.900
40.0000,0.500,122.100,122.100,0.000
40.0000,1.000,122.100,122.100,0.000
40.0000,2.000,108.000,122.100,14.100
40.0000,3.000,84.100,122.100,38.000
40.0000,4.000,65.800,122.100,56.300
40.0000,5.000,51.700,122.100,70.400
40.0000,6.000,40.400,122.100,81.700
40.0000,8.000,23.300,122.100,98.800
40.0000,10.000,10.400,122.100,111.700
40.0000,12.000,0.000,122.100,122.100
40.0000,15.000,0.000,122.100,122.100
42.0000,0.500,122.400,122.400,0.000
42.0000,1.000,122.400,122.400,0.000
42.0000,2.000,122.400,122.400,0.000
42.0000,3.000,122.400,122.400,0.000
42.0000,4.000,109.700,122.400,12.700
42.0000,5.000,71.800,122.400,50.600
42.0000,6.000,51.400,122.400,71.000
42.0000,8.000,27.300,122.400,95.100
42.0000,10.000,11.800,122.400,110.600
42.0000,12.000,0.100,122.400,122.300
42.0000,15.000,0.000,122.400,122.400
44.0000,0.500,122.700,122.700,0.000
44.0000,1.000,122.700,122.700,0.000
44.0000,2.000,122.700,122.700,0.000
44.0000,3.000,122.700,122.700,0.000
44.0000,4.000,122.700,122.700,0.000
44.0000,5.000,122.700,122.700,0.000
44.0000,6.000,122.700,122.700,0.000
44.0000,8.000,34.800,122.700,87.900
44.0000,10.000,13.900,122.700,108.800
44.0000,12.000,0.200,122.700,122.500
44.0000,15.000,0.000,122.700,122.700
46.0000,0.500,122.900,122.900,0.000
46.0000,1.000,122.900,122.900,0.000
46.0000,2.000,122.900,122.900,0.000
46.0000,3.000,122.900,122.900,0.000
46.0000,4.000,122.900,122.900,0.000
46.0000,5.000,122.900,122.900,0.000
46.0000,6.000,122.900,122.900,0.000
46.0000,8.000,122.900,122.900,0.000
46.0000,10.000,17.600,122.900,105.300
46.0000,12.000,0.400,122.900,122.500
46.0000,15.000,0.000,122.900,122.900
48.0000,0.500,123.200,123.200,0.000
48.0000,1.000,123.200,123.200,0.000
48.0000,2.000,123.200,123.200,0.000
48.0000,3.000,123.200,123.200,0.000
48.0000,4.000,123.200,123.200,0.000
48.0000,5.000,123.200,123.200,0.000
48.0000,6.000,123.200,123.200,0.000
48.0000,8.000,123.200,123.200,0.000
48.0000,10.000,91.700,123.200,31.500
48.0000,12.000,16.000,123.200,107.200
48.0000,15.000,0.000,123.200,123.200
50.0000,0.500,123.400,123.400,0.000
50.0000,1.000,123.400,123.400,0.000
50.0000,2.000,123.400,123.400,0.000
50.0000,3.000,123.400,123.400,0.000
50.0000,4.000,123.400,123.400,0.000
50.0000,5.000,123.400,123.400,0.000
50.0000,6.000,123.400,123.400,0.000
50.0000,8.000,123.400,123.400,0.000
50.0000,10.000,123.400,123.400,0.000
50.0000,12.000,69.900,123.400,53.500
50.0000,15.000,28.300,123.400,95.100
51.6312,0.500,123.700,123.700,0.000
51.6312,1.000,123.700,123.700,0.000
51.6312,2.000,123.700,123.700,0.000
51.6312,3.000,123.700,123.700,0.000
51.6312,4.000,123.700,123.700,0.000
51.6312,5.000,123.700,123.700,0.000
51.6312,6.000,123.700,123.700,0.000
51.6312,8.000,123.700,123.700,0.000
51.6312,10.000,123.700,123.700,0.000
51.6312,12.000,123.700,123.700,0.000
51.6312,15.000,79.000,123.700,44.700
